{
	"locations":[2.3562200910790585,0.611155864966149,2.356185022496516,0.6111112842648769,2.3562240147781837,0.6111169025916137],
	"height":80,
	"color":16711680,
	"opacity":0.01
}